-- Seed data for local dev and validation suite
-- Safe to re-run: uses ON CONFLICT DO NOTHING

INSERT INTO customers (id, first_name, last_name, email, phone, uk_postcode)
VALUES
  ('a1b2c3d4-0001-0001-0001-000000000001', 'Alice',   'Hartley',  'alice.hartley@example.com',  '+447700900001', 'EC1A 1BB'),
  ('a1b2c3d4-0002-0002-0002-000000000002', 'Bob',     'Okonkwo',  'bob.okonkwo@example.com',    '+447700900002', 'M1 1AE'),
  ('a1b2c3d4-0003-0003-0003-000000000003', 'Carol',   'Singh',    'carol.singh@example.com',    '+447700900003', 'B1 1BB'),
  ('a1b2c3d4-0004-0004-0004-000000000004', 'David',   'Nguyen',   'david.nguyen@example.com',   '+447700900004', 'LS1 1BA'),
  ('a1b2c3d4-0005-0005-0005-000000000005', 'Eve',     'Oyelaran', 'eve.oyelaran@example.com',   '+447700900005', 'E1 6AN')
ON CONFLICT (id) DO NOTHING;

INSERT INTO accounts (id, customer_id, account_number, sort_code, account_type, balance)
VALUES
  ('b1b2c3d4-0001-0001-0001-000000000001', 'a1b2c3d4-0001-0001-0001-000000000001', '12345678', '20-00-00', 'current',  5420.50),
  ('b1b2c3d4-0002-0002-0002-000000000002', 'a1b2c3d4-0001-0001-0001-000000000001', '12345679', '20-00-00', 'savings',  12000.00),
  ('b1b2c3d4-0003-0003-0003-000000000003', 'a1b2c3d4-0002-0002-0002-000000000002', '87654321', '30-00-04', 'current',  750.25),
  ('b1b2c3d4-0004-0004-0004-000000000004', 'a1b2c3d4-0003-0003-0003-000000000003', '11223344', '40-47-84', 'current',  3200.00),
  ('b1b2c3d4-0005-0005-0005-000000000005', 'a1b2c3d4-0004-0004-0004-000000000004', '99887766', '60-16-13', 'savings',  28500.00),
  ('b1b2c3d4-0006-0006-0006-000000000006', 'a1b2c3d4-0005-0005-0005-000000000005', '55443322', '20-00-00', 'current',  1100.00)
ON CONFLICT (id) DO NOTHING;

INSERT INTO transactions (id, account_id, amount, description, transaction_date, status, external_ref)
VALUES
  ('c1b2c3d4-0001-0001-0001-000000000001', 'b1b2c3d4-0001-0001-0001-000000000001', -125.00,  'DIRECT DEBIT - ENERGY CO',        '2026-04-27', 'pending', 'EXT-2026-001'),
  ('c1b2c3d4-0002-0002-0002-000000000002', 'b1b2c3d4-0001-0001-0001-000000000001',  2500.00, 'BACS CREDIT - EMPLOYER PAYROLL',  '2026-04-27', 'pending', 'EXT-2026-002'),
  ('c1b2c3d4-0003-0003-0003-000000000003', 'b1b2c3d4-0003-0003-0003-000000000003', -49.99,   'CARD PAYMENT - SUPERMARKET',      '2026-04-27', 'pending', 'EXT-2026-003'),
  ('c1b2c3d4-0004-0004-0004-000000000004', 'b1b2c3d4-0003-0003-0003-000000000003', -1200.00, 'STANDING ORDER - RENT',           '2026-04-27', 'pending', 'EXT-2026-004'),
  ('c1b2c3d4-0005-0005-0005-000000000005', 'b1b2c3d4-0004-0004-0004-000000000004', -8.99,    'CARD PAYMENT - STREAMING SVC',    '2026-04-27', 'pending', 'EXT-2026-005'),
  ('c1b2c3d4-0006-0006-0006-000000000006', 'b1b2c3d4-0004-0004-0004-000000000004', -350.00,  'FASTER PAYMENT - TRANSFER',       '2026-04-27', 'pending', 'EXT-2026-006'),
  ('c1b2c3d4-0007-0007-0007-000000000007', 'b1b2c3d4-0005-0005-0005-000000000005', -75.50,   'DIRECT DEBIT - INSURANCE',        '2026-04-27', 'pending', 'EXT-2026-007'),
  ('c1b2c3d4-0008-0008-0008-000000000008', 'b1b2c3d4-0005-0005-0005-000000000005',  3000.00, 'BACS CREDIT - FREELANCE INVOICE', '2026-04-27', 'pending', 'EXT-2026-008'),
  ('c1b2c3d4-0009-0009-0009-000000000009', 'b1b2c3d4-0006-0006-0006-000000000006', -12.50,   'CARD PAYMENT - FUEL',             '2026-04-27', 'pending', 'EXT-2026-009'),
  ('c1b2c3d4-000a-000a-000a-00000000000a', 'b1b2c3d4-0006-0006-0006-000000000006', -500.00,  'FASTER PAYMENT - SAVINGS TRANSFER','2026-04-27', 'pending', 'EXT-2026-010')
ON CONFLICT (id) DO NOTHING;
